-- phpMyAdmin SQL Dump
-- version 4.2.7.1
-- http://www.phpmyadmin.net
--
-- Host: 127.0.0.1
-- Generation Time: 16 Agu 2017 pada 16.05
-- Versi Server: 5.6.20
-- PHP Version: 5.5.15

SET SQL_MODE = "NO_AUTO_VALUE_ON_ZERO";
SET time_zone = "+00:00";


/*!40101 SET @OLD_CHARACTER_SET_CLIENT=@@CHARACTER_SET_CLIENT */;
/*!40101 SET @OLD_CHARACTER_SET_RESULTS=@@CHARACTER_SET_RESULTS */;
/*!40101 SET @OLD_COLLATION_CONNECTION=@@COLLATION_CONNECTION */;
/*!40101 SET NAMES utf8 */;

--
-- Database: `dbbanksampah`
--

-- --------------------------------------------------------

--
-- Struktur dari tabel `admin`
--

CREATE TABLE IF NOT EXISTS `admin` (
`id` int(11) NOT NULL,
  `username` varchar(50) NOT NULL,
  `password` varchar(50) NOT NULL,
  `name` varchar(50) NOT NULL
) ENGINE=InnoDB  DEFAULT CHARSET=latin1 AUTO_INCREMENT=2 ;

--
-- Dumping data untuk tabel `admin`
--

INSERT INTO `admin` (`id`, `username`, `password`, `name`) VALUES
(1, 'mimin', '03f7f7198958ffbda01db956d15f134a', 'Erwin Mardinata');

-- --------------------------------------------------------

--
-- Struktur dari tabel `kecamatan`
--

CREATE TABLE IF NOT EXISTS `kecamatan` (
  `id_kec` char(6) NOT NULL,
  `nama` tinytext NOT NULL
) ENGINE=InnoDB DEFAULT CHARSET=latin1;

--
-- Dumping data untuk tabel `kecamatan`
--

INSERT INTO `kecamatan` (`id_kec`, `nama`) VALUES
('520402', 'Lunyuk'),
('520405', 'Alas'),
('520406', 'Utan'),
('520407', 'Batu Lanteh'),
('520408', 'Sumbawa'),
('520409', 'Moyo Hilir'),
('520410', 'Moyo Hulu'),
('520411', 'Ropang'),
('520412', 'Lape'),
('520413', 'Plampang'),
('520414', 'Empang'),
('520417', 'Alas Barat'),
('520418', 'Labuhan Badas'),
('520419', 'Labangka'),
('520420', 'Buer'),
('520421', 'Rhee'),
('520422', 'Unter Iwes'),
('520423', 'Moyo Utara'),
('520424', 'Maronge'),
('520425', 'Tarano'),
('520426', 'Lopok'),
('520427', 'Lenangguar'),
('520428', 'Orong Telu'),
('520429', 'Lantung');

-- --------------------------------------------------------

--
-- Struktur dari tabel `kelurahan`
--

CREATE TABLE IF NOT EXISTS `kelurahan` (
  `id_kel` char(10) NOT NULL,
  `id_kec` char(6) DEFAULT NULL,
  `nama` tinytext
) ENGINE=InnoDB DEFAULT CHARSET=latin1;

--
-- Dumping data untuk tabel `kelurahan`
--

INSERT INTO `kelurahan` (`id_kel`, `id_kec`, `nama`) VALUES
('5204022001', '520402', 'Lunyuk Rea'),
('5204022002', '520402', 'Lunyuk Ode'),
('5204022003', '520402', 'Jamu'),
('5204022007', '520402', 'Pada Suka'),
('5204022008', '520402', 'Suka Maju'),
('5204022009', '520402', 'Perung'),
('5204022010', '520402', 'Emang Lestari'),
('5204052001', '520405', 'Luar'),
('5204052002', '520405', 'Baru'),
('5204052003', '520405', 'Kalimango'),
('5204052004', '520405', 'Marente'),
('5204052005', '520405', 'Juran Alas'),
('5204052006', '520405', 'Dalam'),
('5204052007', '520405', 'Pulau Bungin'),
('5204052012', '520405', 'Labuhan Alas'),
('5204062001', '520406', 'Stowe Brang'),
('5204062002', '520406', 'Labuhan Bajo'),
('5204062003', '520406', 'Pukat'),
('5204062004', '520406', 'Orong Bawa'),
('5204062005', '520406', 'Jorok'),
('5204062006', '520406', 'Motong'),
('5204062007', '520406', 'Tengah'),
('5204062008', '520406', 'Sebedo'),
('5204062012', '520406', 'Bale Brang'),
('5204072001', '520407', 'Batu Rotok'),
('5204072002', '520407', 'Tangkam Pulit'),
('5204072003', '520407', 'Bao Desa'),
('5204072004', '520407', 'Tepal'),
('5204072005', '520407', 'Batu Dulang'),
('5204072006', '520407', 'Kelungkung'),
('5204081001', '520408', 'Samapuin'),
('5204081002', '520408', 'Brang Bara'),
('5204081003', '520408', 'Pekat'),
('5204081004', '520408', 'Seketeng'),
('5204081005', '520408', 'Bugis'),
('5204081006', '520408', 'Lempeh'),
('5204081007', '520408', 'Brang Biji'),
('5204081008', '520408', 'Uma Sima'),
('5204092001', '520409', 'Moyo'),
('5204092002', '520409', 'Kakiang'),
('5204092003', '520409', 'Ngeru'),
('5204092004', '520409', 'Berare'),
('5204092005', '520409', 'Poto'),
('5204092009', '520409', 'Serading'),
('5204092010', '520409', 'Olat Rawa'),
('5204092011', '520409', 'Batu Bangka'),
('5204092013', '520409', 'Moyo Mekar'),
('5204092014', '520409', 'Labuhan Ijuk'),
('5204102001', '520410', 'Sempe'),
('5204102002', '520410', 'Semamung'),
('5204102003', '520410', 'Sebasang'),
('5204102004', '520410', 'Batu Tering'),
('5204102005', '520410', 'Batu Bulan'),
('5204102006', '520410', 'Mokong'),
('5204102007', '520410', 'Pernek'),
('5204102008', '520410', 'Leseng'),
('5204102009', '520410', 'Lito'),
('5204102010', '520410', 'Marga Karya'),
('5204102011', '520410', 'Maman'),
('5204102012', '520410', 'Brang Rea'),
('5204112002', '520411', 'Lebin'),
('5204112003', '520411', 'Lebangkar'),
('5204112008', '520411', 'Ropang'),
('5204112009', '520411', 'Lawin'),
('5204112010', '520411', 'Ranan'),
('5204122003', '520412', 'Lape'),
('5204122005', '520412', 'Labuhan Kuris'),
('5204122006', '520412', 'Dete'),
('5204122009', '520412', 'Hijrah'),
('5204132003', '520413', 'Muer'),
('5204132004', '520413', 'Plampang'),
('5204132005', '520413', 'Teluk Santong'),
('5204132006', '520413', 'Sepayung'),
('5204132007', '520413', 'Sepakat'),
('5204132008', '520413', 'UPT. Perode SP I'),
('5204132009', '520413', 'UPT. Perode SP II'),
('5204132010', '520413', 'UPT Perode SP III'),
('5204132012', '520413', 'Selanteh'),
('5204132013', '520413', 'Brang Kolong'),
('5204132014', '520413', 'Usar'),
('5204142001', '520414', 'Boal'),
('5204142002', '520414', 'Jotang'),
('5204142003', '520414', 'Empang Atas'),
('5204142004', '520414', 'Empang Bawa'),
('5204142005', '520414', 'Ongko'),
('5204142012', '520414', 'Lamenta'),
('5204142013', '520414', 'Gapit'),
('5204142014', '520414', 'Pamanto'),
('5204142015', '520414', 'Bunga Eja'),
('5204142016', '520414', 'Jotang Beru'),
('5204172001', '520417', 'Mapin Rea'),
('5204172002', '520417', 'Mapin Kebak'),
('5204172003', '520417', 'Labuhan Mapin'),
('5204172004', '520417', 'Lekong'),
('5204172005', '520417', 'Gontar'),
('5204172006', '520417', 'Usar Mapin'),
('5204172007', '520417', 'Gontar Baru'),
('5204172008', '520417', 'Mapin Beru'),
('5204182001', '520418', 'Labuhan Badas'),
('5204182002', '520418', 'Karang Dima'),
('5204182003', '520418', 'Labuhan Sumbawa'),
('5204182004', '520418', 'Labuhan Aji'),
('5204182005', '520418', 'Sebotok'),
('5204182006', '520418', 'Bajo Medang'),
('5204182007', '520418', 'Bugis Medang'),
('5204192001', '520419', 'Labangka'),
('5204192002', '520419', 'Sekokat'),
('5204192003', '520419', 'Suka Mulya'),
('5204192004', '520419', 'Suka Damai'),
('5204192005', '520419', 'Jaya Makmur'),
('5204202001', '520420', 'Tarusa'),
('5204202002', '520420', 'Juru Mapin'),
('5204202003', '520420', 'Kalabeso'),
('5204202004', '520420', 'Labuhan Burung'),
('5204202005', '520420', 'Pulau Kaung'),
('5204202006', '520420', 'Buin Baru'),
('5204212001', '520421', 'Rhee'),
('5204212002', '520421', 'Sampe'),
('5204212003', '520421', 'Luk'),
('5204212004', '520421', 'Rhee Loka'),
('5204222001', '520422', 'Pelat'),
('5204222002', '520422', 'Kerekeh'),
('5204222003', '520422', 'Boak'),
('5204222004', '520422', 'Jorok'),
('5204222005', '520422', 'Kerato'),
('5204222006', '520422', 'Pungka'),
('5204222007', '520422', 'Uma Beringin'),
('5204222008', '520422', 'Nijang'),
('5204232001', '520423', 'Pungkit'),
('5204232002', '520423', 'Sebewe'),
('5204232003', '520423', 'Penyaring'),
('5204232004', '520423', 'Kukin'),
('5204232005', '520423', 'Baru Tahan'),
('5204232006', '520423', 'Songkar'),
('5204242001', '520424', 'Simu'),
('5204242002', '520424', 'Maronge'),
('5204242003', '520424', 'Pamasar'),
('5204242004', '520424', 'Labuhan Sangoro'),
('5204252001', '520425', 'Bantulante'),
('5204252002', '520425', 'Labuhan Bontong'),
('5204252003', '520425', 'Labuhan Aji'),
('5204252004', '520425', 'Labuhan Jambu'),
('5204252005', '520425', 'Mata'),
('5204252006', '520425', 'Tolo Oi'),
('5204252007', '520425', 'Banda'),
('5204252008', '520425', 'Labuhan Pidang'),
('5204262001', '520426', 'Pungkit'),
('5204262002', '520426', 'Berora'),
('5204262003', '520426', 'Lopok'),
('5204262004', '520426', 'Langam'),
('5204262005', '520426', 'Mamak'),
('5204262006', '520426', 'Lopok Beru'),
('5204262007', '520426', 'Tatede'),
('5204272001', '520427', 'Tatebal'),
('5204272002', '520427', 'Lenangguar'),
('5204272003', '520427', 'Ledang'),
('5204272004', '520427', 'Telaga'),
('5204282001', '520428', 'Senawang'),
('5204282002', '520428', 'Kelawis'),
('5204282003', '520428', 'Mungkin'),
('5204282004', '520428', 'Sebeok'),
('5204292001', '520429', 'Lantung'),
('5204292002', '520429', 'Sepukur'),
('5204292003', '520429', 'Ai Mual'),
('5204292004', '520429', 'Padesa');

-- --------------------------------------------------------

--
-- Struktur dari tabel `nasabah`
--

CREATE TABLE IF NOT EXISTS `nasabah` (
  `tanggal_daftar` date NOT NULL,
  `no_rekening` char(11) NOT NULL,
  `nama` varchar(200) NOT NULL,
  `jenis` enum('i','k') NOT NULL,
  `id_desa` char(10) NOT NULL,
  `ket` varchar(200) DEFAULT ''
) ENGINE=InnoDB DEFAULT CHARSET=latin1;

--
-- Dumping data untuk tabel `nasabah`
--

INSERT INTO `nasabah` (`tanggal_daftar`, `no_rekening`, `nama`, `jenis`, `id_desa`, `ket`) VALUES
('2015-08-13', 'BSS-01-0001', 'LINA YULIANITA YUSTRIA', 'i', '5204081001', ''),
('2015-08-13', 'BSS-01-0002', 'BURHANUDDIN, MT', 'i', '5204081002', ''),
('2015-09-09', 'BSS-01-0003', 'RAHMAWATY', 'i', '5204081002', ''),
('2015-10-16', 'BSS-01-0004', 'FITRIAH DARMAYANTI', 'i', '5204081004', ''),
('2015-09-09', 'BSS-01-0005', 'LIES YULIA', 'i', '5204232002', ''),
('2015-09-04', 'BSS-01-0007', 'ABD. RAKMAN', 'i', '5204232002', ''),
('2015-11-17', 'BSS-01-0015', 'ARYENFARDHI SOFIAN', 'i', '5204222008', ''),
('2015-10-03', 'BSS-01-0016', ' HAPIPUDDIN', 'i', '5204222008', ''),
('2015-09-23', 'BSS-01-0017', 'MINIATI', 'i', '5204081005', ''),
('2015-09-14', 'BSS-01-0018', 'MARIAM YUDHA', 'i', '5204081001', ''),
('2015-11-11', 'BSS-01-0019', 'SITI HIFZIYAH', 'i', '5204081005', ''),
('2015-09-14', 'BSS-01-0020', 'BURHANUDDIN', 'i', '5204222008', ''),
('2016-08-27', 'BSS-01-0021', 'Melati', 'k', '5204222003', ''),
('2016-08-27', 'BSS-01-0022', 'Mawar', 'k', '5204222003', ''),
('2016-08-27', 'BSS-01-0023', 'Cempaka', 'k', '5204222003', ''),
('2016-09-27', 'BSS-01-0024', 'Kura-kura', 'k', '5204232002', ''),
('2016-09-29', 'BSS-01-0025', 'PKK Sebewe', 'k', '5204232002', '');

-- --------------------------------------------------------

--
-- Struktur dari tabel `sampah`
--

CREATE TABLE IF NOT EXISTS `sampah` (
`id` int(11) NOT NULL,
  `nama` varchar(20) NOT NULL,
  `harga_jual` int(11) DEFAULT '0',
  `harga_beli` int(11) DEFAULT '0'
) ENGINE=InnoDB  DEFAULT CHARSET=latin1 AUTO_INCREMENT=11 ;

--
-- Dumping data untuk tabel `sampah`
--

INSERT INTO `sampah` (`id`, `nama`, `harga_jual`, `harga_beli`) VALUES
(2, 'Botol Mineral', 1500, 1400),
(3, 'Botol Minuman', 1500, 1400),
(4, 'Gelas Mineral', 1800, 1500),
(5, 'Gelas Minuman', 2000, 1800),
(6, 'Kardus', 1500, 1300),
(7, 'Kertas Majalah', 1000, 900),
(8, 'Kertas Putih HVS', 1000, 800),
(9, 'Kaleng Minuman', 2000, 1800),
(10, 'Panci Bekas', 1900, 1800);

-- --------------------------------------------------------

--
-- Struktur dari tabel `transaksi`
--

CREATE TABLE IF NOT EXISTS `transaksi` (
`id` int(11) NOT NULL,
  `tanggal` date NOT NULL,
  `no_rekening` char(11) NOT NULL,
  `id_sampah` int(11) DEFAULT '0',
  `jumlah` int(11) DEFAULT '0',
  `harga` int(11) DEFAULT '0',
  `ambil` int(11) DEFAULT '0',
  `ket` text
) ENGINE=InnoDB  DEFAULT CHARSET=latin1 AUTO_INCREMENT=118 ;

--
-- Dumping data untuk tabel `transaksi`
--

INSERT INTO `transaksi` (`id`, `tanggal`, `no_rekening`, `id_sampah`, `jumlah`, `harga`, `ambil`, `ket`) VALUES
(6, '2015-08-13', 'BSS-01-0001', 2, 27, 37800, 0, ''),
(8, '2015-09-18', 'BSS-01-0001', 3, 5, 7000, 0, ''),
(9, '2015-11-20', 'BSS-01-0001', 3, 6, 8400, 0, ''),
(10, '2015-11-05', 'BSS-01-0001', 6, 5, 6500, 0, ''),
(11, '2015-11-05', 'BSS-01-0001', 5, 7, 12600, 0, ''),
(12, '2015-11-20', 'BSS-01-0001', 4, 7, 10500, 0, ''),
(13, '2016-01-18', 'BSS-01-0001', 5, 6, 10800, 0, ''),
(14, '2016-02-19', 'BSS-01-0001', 9, 5, 9000, 0, ''),
(15, '2016-08-24', 'BSS-01-0001', 5, 5, 9000, 0, ''),
(16, '2016-05-13', 'BSS-01-0001', 6, 6, 7800, 0, ''),
(17, '2016-05-27', 'BSS-01-0001', 5, 7, 12600, 0, ''),
(18, '2016-06-24', 'BSS-01-0001', 6, 4, 5200, 0, ''),
(19, '2016-06-28', 'BSS-01-0001', 3, 30, 42000, 0, ''),
(20, '2016-07-28', 'BSS-01-0001', 5, 4, 7200, 0, ''),
(21, '2016-11-20', 'BSS-01-0001', 5, 5, 9000, 0, ''),
(22, '2016-12-29', 'BSS-01-0001', 9, 5, 9000, 0, ''),
(23, '2015-08-13', 'BSS-01-0002', 6, 23, 29900, 0, ''),
(24, '2015-09-07', 'BSS-01-0002', 3, 5, 7000, 0, ''),
(25, '2015-09-18', 'BSS-01-0002', 5, 6, 10800, 0, ''),
(26, '2015-10-02', 'BSS-01-0002', 7, 6, 5400, 0, ''),
(27, '2015-09-09', 'BSS-01-0003', 4, 6, 9000, 0, ''),
(28, '2015-12-22', 'BSS-01-0003', 5, 6, 10800, 0, ''),
(29, '2016-01-12', 'BSS-01-0003', 6, 9, 11700, 0, ''),
(30, '2016-03-27', 'BSS-01-0003', 5, 6, 10800, 0, ''),
(31, '2016-04-12', 'BSS-01-0003', 6, 7, 9100, 0, ''),
(32, '2016-07-17', 'BSS-01-0003', 5, 6, 10800, 0, ''),
(33, '2016-12-23', 'BSS-01-0003', 2, 11, 15400, 0, ''),
(34, '2015-10-16', 'BSS-01-0004', 3, 6, 8400, 0, ''),
(35, '2015-11-26', 'BSS-01-0004', 5, 9, 16200, 0, ''),
(36, '2016-01-12', 'BSS-01-0004', 6, 6, 7800, 0, ''),
(37, '2016-03-27', 'BSS-01-0004', 9, 7, 12600, 0, ''),
(38, '2016-05-27', 'BSS-01-0004', 6, 5, 6500, 0, ''),
(39, '2017-08-11', 'BSS-01-0004', 5, 7, 12600, 0, ''),
(40, '2016-11-23', 'BSS-01-0004', 10, 5, 9000, 0, ''),
(43, '2016-12-01', 'BSS-01-0004', 6, 6, 7800, 0, ''),
(44, '2016-12-29', 'BSS-01-0004', 2, 5, 7000, 0, ''),
(45, '2015-09-09', 'BSS-01-0005', 3, 6, 8400, 0, ''),
(46, '2015-10-19', 'BSS-01-0005', 4, 4, 6000, 0, ''),
(47, '2015-12-22', 'BSS-01-0005', 6, 6, 7800, 0, ''),
(48, '2016-03-11', 'BSS-01-0005', 5, 6, 10800, 0, ''),
(49, '2016-05-23', 'BSS-01-0005', 8, 3, 2400, 0, ''),
(50, '2016-07-14', 'BSS-01-0005', 7, 6, 5400, 0, ''),
(51, '2016-11-14', 'BSS-01-0005', 5, 8, 14400, 0, ''),
(52, '2017-03-27', 'BSS-01-0005', 4, 8, 12000, 0, ''),
(53, '2017-05-12', 'BSS-01-0005', 8, 7, 5600, 0, ''),
(54, '2015-09-04', 'BSS-01-0007', 5, 9, 16200, 0, ''),
(55, '2015-10-23', 'BSS-01-0007', 2, 6, 8400, 0, ''),
(56, '2015-12-27', 'BSS-01-0007', 5, 12, 21600, 0, ''),
(57, '2016-03-12', 'BSS-01-0007', 10, 8, 14400, 0, ''),
(58, '2016-04-04', 'BSS-01-0007', 3, 8, 11200, 0, ''),
(59, '2016-06-27', 'BSS-01-0007', 9, 12, 21600, 0, ''),
(60, '2016-10-27', 'BSS-01-0007', 5, 13, 23400, 0, ''),
(61, '2016-02-01', 'BSS-01-0007', 4, 7, 10500, 0, ''),
(62, '2017-02-27', 'BSS-01-0007', 5, 12, 21600, 0, ''),
(63, '2017-05-27', 'BSS-01-0007', 6, 6, 7800, 0, ''),
(64, '2017-07-02', 'BSS-01-0007', 5, 4, 7200, 0, ''),
(65, '2015-11-17', 'BSS-01-0015', 6, 15, 19500, 0, ''),
(66, '2016-02-27', 'BSS-01-0016', 4, 3, 4500, 0, ''),
(67, '2017-04-27', 'BSS-01-0016', 7, 12, 10800, 0, ''),
(68, '2016-12-12', 'BSS-01-0016', 8, 5, 4000, 0, ''),
(69, '2016-12-09', 'BSS-01-0016', 9, 6, 10800, 0, ''),
(70, '2017-03-27', 'BSS-01-0016', 2, 4, 5600, 0, ''),
(71, '2017-05-03', 'BSS-01-0016', 10, 5, 9000, 0, ''),
(72, '2015-09-23', 'BSS-01-0017', 4, 5, 7500, 0, ''),
(73, '2016-03-27', 'BSS-01-0017', 3, 12, 16800, 0, ''),
(74, '2016-07-27', 'BSS-01-0017', 6, 6, 7800, 0, ''),
(75, '2017-08-12', 'BSS-01-0017', 8, 7, 5600, 0, ''),
(76, '2016-12-12', 'BSS-01-0017', 6, 12, 15600, 0, ''),
(77, '2017-02-12', 'BSS-01-0017', 6, 6, 7800, 0, ''),
(78, '2017-04-27', 'BSS-01-0017', 4, 5, 7500, 0, ''),
(79, '2017-06-27', 'BSS-01-0017', 8, 13, 10400, 0, ''),
(80, '2015-09-14', 'BSS-01-0018', 4, 12, 18000, 0, ''),
(81, '2016-03-27', 'BSS-01-0018', 6, 15, 19500, 0, ''),
(82, '2016-07-27', 'BSS-01-0018', 2, 7, 9800, 0, ''),
(83, '2017-01-12', 'BSS-01-0018', 6, 12, 15600, 0, ''),
(84, '2017-05-27', 'BSS-01-0018', 10, 5, 9000, 0, ''),
(85, '2015-11-11', 'BSS-01-0019', 5, 12, 21600, 0, ''),
(86, '2016-01-03', 'BSS-01-0019', 6, 12, 15600, 0, ''),
(87, '2016-04-03', 'BSS-01-0019', 5, 9, 16200, 0, ''),
(88, '2017-03-27', 'BSS-01-0019', 8, 12, 9600, 0, ''),
(89, '2015-09-14', 'BSS-01-0020', 5, 11, 19800, 0, ''),
(90, '2015-09-15', 'BSS-01-0020', 2, 8, 11200, 0, ''),
(91, '2015-09-17', 'BSS-01-0020', 9, 7, 12600, 0, ''),
(92, '2016-03-11', 'BSS-01-0020', 4, 15, 22500, 0, ''),
(93, '2017-02-27', 'BSS-01-0020', 6, 7, 9100, 0, ''),
(94, '2017-03-03', 'BSS-01-0001', 4, 11, 16500, 0, ''),
(95, '2017-05-27', 'BSS-01-0001', 6, 5, 6500, 0, ''),
(96, '2016-07-27', 'BSS-01-0002', 10, 6, 10800, 0, ''),
(97, '2017-04-01', 'BSS-01-0003', 7, 7, 6300, 0, ''),
(98, '2017-02-27', 'BSS-01-0004', 7, 13, 11700, 0, ''),
(99, '2016-07-27', 'BSS-01-0015', 6, 16, 20800, 0, ''),
(100, '2017-07-27', 'BSS-01-0015', 0, 0, 0, 30000, ''),
(101, '2016-08-30', 'BSS-01-0021', 5, 12, 21600, 0, ''),
(102, '2016-12-12', 'BSS-01-0021', 6, 12, 15600, 0, ''),
(103, '2017-04-04', 'BSS-01-0021', 8, 12, 9600, 0, ''),
(104, '2016-09-01', 'BSS-01-0022', 6, 8, 10400, 0, ''),
(105, '2016-09-01', 'BSS-01-0022', 5, 10, 18000, 0, ''),
(106, '2016-09-01', 'BSS-01-0022', 8, 6, 4800, 0, ''),
(107, '2017-03-06', 'BSS-01-0022', 7, 34, 44200, 0, ''),
(108, '2016-09-27', 'BSS-01-0023', 6, 21, 27300, 0, ''),
(109, '2017-01-12', 'BSS-01-0023', 4, 6, 9000, 0, ''),
(110, '2017-04-27', 'BSS-01-0023', 3, 7, 9800, 0, ''),
(111, '2016-09-25', 'BSS-01-0024', 6, 21, 27300, 0, ''),
(112, '2016-02-12', 'BSS-01-0024', 8, 11, 8800, 0, ''),
(113, '2017-04-07', 'BSS-01-0024', 6, 7, 9100, 0, ''),
(114, '2016-10-17', 'BSS-01-0025', 5, 7, 12600, 0, ''),
(115, '2016-12-02', 'BSS-01-0025', 9, 6, 10800, 0, ''),
(116, '2017-03-02', 'BSS-01-0025', 4, 4, 6000, 0, ''),
(117, '2017-06-06', 'BSS-01-0025', 3, 4, 5600, 0, '');

--
-- Indexes for dumped tables
--

--
-- Indexes for table `admin`
--
ALTER TABLE `admin`
 ADD PRIMARY KEY (`id`);

--
-- Indexes for table `kecamatan`
--
ALTER TABLE `kecamatan`
 ADD PRIMARY KEY (`id_kec`);

--
-- Indexes for table `kelurahan`
--
ALTER TABLE `kelurahan`
 ADD PRIMARY KEY (`id_kel`);

--
-- Indexes for table `nasabah`
--
ALTER TABLE `nasabah`
 ADD PRIMARY KEY (`no_rekening`);

--
-- Indexes for table `sampah`
--
ALTER TABLE `sampah`
 ADD PRIMARY KEY (`id`);

--
-- Indexes for table `transaksi`
--
ALTER TABLE `transaksi`
 ADD PRIMARY KEY (`id`);

--
-- AUTO_INCREMENT for dumped tables
--

--
-- AUTO_INCREMENT for table `admin`
--
ALTER TABLE `admin`
MODIFY `id` int(11) NOT NULL AUTO_INCREMENT,AUTO_INCREMENT=2;
--
-- AUTO_INCREMENT for table `sampah`
--
ALTER TABLE `sampah`
MODIFY `id` int(11) NOT NULL AUTO_INCREMENT,AUTO_INCREMENT=11;
--
-- AUTO_INCREMENT for table `transaksi`
--
ALTER TABLE `transaksi`
MODIFY `id` int(11) NOT NULL AUTO_INCREMENT,AUTO_INCREMENT=118;
/*!40101 SET CHARACTER_SET_CLIENT=@OLD_CHARACTER_SET_CLIENT */;
/*!40101 SET CHARACTER_SET_RESULTS=@OLD_CHARACTER_SET_RESULTS */;
/*!40101 SET COLLATION_CONNECTION=@OLD_COLLATION_CONNECTION */;
